obf.T12,col_0026,obf.T23,col_0104
obf.T14,col_0042,obf.T12,col_0026
obf.T14,col_0043,obf.T08,col_0022
obf.T14,col_0044,obf.T33,col_0057
obf.T15,col_0048,obf.T12,col_0026
obf.T19,col_0054,obf.T12,col_0026
obf.T45,col_0066,obf.T49,col_0124
obf.T62,col_0078,obf.T59,col_0075
obf.T62,col_0079,obf.T45,col_0062
obf.T62,col_0080,obf.T48,col_0071
obf.T64,col_0083,obf.T59,col_0075
obf.T64,col_0084,obf.T23,col_0104
obf.T64,col_0085,obf.T67,col_0088
obf.T11,col_0094,obf.T23,col_0104
obf.T21,col_0099,obf.T23,col_0104
obf.T23,col_0104,obf.T59,col_0075
obf.T27,col_0117,obf.T23,col_0104
obf.T27,col_0119,obf.T29,col_0121
obf.T49,col_0126,obf.T69,col_0091
obf.T49,col_0129,obf.T28,col_0444
obf.T53,col_0134,obf.T30,col_0166
obf.T53,col_0137,obf.T65,col_0276
obf.T53,col_0133,obf.T30,col_0166
obf.T09,col_0147,obf.T12,col_0026
obf.T30,col_0177,obf.T65,col_0276
obf.T30,col_0178,obf.T65,col_0276
obf.T30,col_0184,obf.T61,col_0250
obf.T30,col_0185,obf.T47,col_0219
obf.T36,col_0195,obf.T30,col_0166
obf.T39,col_0204,obf.T30,col_0166
obf.T39,col_0205,obf.T09,col_0144
obf.T41,col_0207,obf.T30,col_0166
obf.T41,col_0208,obf.T20,col_0161
obf.T44,col_0214,obf.T30,col_0166
obf.T50,col_0225,obf.T47,col_0219
obf.T50,col_0226,obf.T18,col_0158
obf.T52,col_0228,obf.T47,col_0219
obf.T52,col_0229,obf.T37,col_0200
obf.T52,col_0230,obf.T02,col_0141
obf.T56,col_0238,obf.T30,col_0166
obf.T56,col_0239,obf.T55,col_0232
obf.T58,col_0243,obf.T30,col_0166
obf.T61,col_0251,obf.T34,col_0191
obf.T57,col_0259,obf.T30,col_0166
obf.T70,col_0280,obf.T30,col_0166
obf.T70,col_0287,obf.T32,col_0255
obf.T03,col_0292,obf.T20,col_0161
obf.T03,col_0289,obf.T70,col_0279
obf.T63,col_0301,obf.T30,col_0166
obf.T63,col_0302,obf.T66,col_0342
obf.T63,col_0310,obf.T65,col_0276
obf.T71,col_0312,obf.T05,col_0323
obf.T71,col_0316,obf.T30,col_0166
obf.T05,col_0328,obf.T35,col_0336
obf.T05,col_0327,obf.T66,col_0342
obf.T05,col_0326,obf.T12,col_0026
obf.T66,col_0342,obf.T59,col_0075
obf.T68,col_0350,obf.T69,col_0091
obf.T68,col_0351,obf.T04,col_0359
obf.T06,col_0365,obf.T04,col_0359
obf.T06,col_0364,obf.T04,col_0359
obf.T07,col_0372,obf.T28,col_0444
obf.T07,col_0371,obf.T54,col_0481
obf.T07,col_0370,obf.T23,col_0104
obf.T26,col_0376,obf.T23,col_0104
obf.T26,col_0377,obf.T01,col_0353
obf.T10,col_0384,obf.T46,col_0477
obf.T10,col_0383,obf.T46,col_0478
obf.T10,col_0379,obf.T13,col_0390
obf.T13,col_0406,obf.T01,col_0353
obf.T13,col_0405,obf.T35,col_0336
obf.T13,col_0404,obf.T45,col_0062
obf.T13,col_0403,obf.T45,col_0062
obf.T13,col_0402,obf.T28,col_0444
obf.T13,col_0401,obf.T17,col_0419
obf.T13,col_0400,obf.T07,col_0369
obf.T13,col_0408,obf.T06,col_0362
obf.T16,col_0416,obf.T13,col_0390
obf.T16,col_0417,obf.T24,col_0433
obf.T17,col_0419,obf.T12,col_0026
obf.T17,col_0420,obf.T28,col_0444
obf.T22,col_0428,obf.T17,col_0419
obf.T25,col_0438,obf.T49,col_0124
obf.T28,col_0446,obf.T69,col_0091
obf.T31,col_0454,obf.T17,col_0419
obf.T31,col_0455,obf.T28,col_0444
obf.T38,col_0463,obf.T30,col_0166
obf.T46,col_0477,obf.T42,col_0466
obf.T46,col_0478,obf.T30,col_0166
obf.T54,col_0481,obf.T59,col_0075
obf.T54,col_0483,obf.T17,col_0419
