dbo,AWBuildVersion,"Current version number of the AdventureWorks 2025 sample database. ",SystemInformationID,tinyint,1,Primary key for AWBuildVersion records.
dbo,AWBuildVersion,"Current version number of the AdventureWorks 2025 sample database. ",Database Version,nvarchar,50,Version number of the database in 9.yy.mm.dd.00 format.
dbo,AWBuildVersion,"Current version number of the AdventureWorks 2025 sample database. ",VersionDate,datetime,8,Date and time the record was last updated.
dbo,AWBuildVersion,"Current version number of the AdventureWorks 2025 sample database. ",ModifiedDate,datetime,8,Date and time the record was last updated.
dbo,DatabaseLog,Audit table tracking all DDL changes made to the AdventureWorks database. Data is captured by the database trigger ddlDatabaseTriggerLog.,DatabaseLogID,int,4,Primary key for DatabaseLog records.
dbo,DatabaseLog,Audit table tracking all DDL changes made to the AdventureWorks database. Data is captured by the database trigger ddlDatabaseTriggerLog.,PostTime,datetime,8,The date and time the DDL change occurred.
dbo,DatabaseLog,Audit table tracking all DDL changes made to the AdventureWorks database. Data is captured by the database trigger ddlDatabaseTriggerLog.,DatabaseUser,sysname,256,The user who implemented the DDL change.
dbo,DatabaseLog,Audit table tracking all DDL changes made to the AdventureWorks database. Data is captured by the database trigger ddlDatabaseTriggerLog.,Event,sysname,256,The type of DDL statement that was executed.
dbo,DatabaseLog,Audit table tracking all DDL changes made to the AdventureWorks database. Data is captured by the database trigger ddlDatabaseTriggerLog.,Schema,sysname,256,The schema to which the changed object belongs.
dbo,DatabaseLog,Audit table tracking all DDL changes made to the AdventureWorks database. Data is captured by the database trigger ddlDatabaseTriggerLog.,Object,sysname,256,The object that was changed by the DDL statment.
dbo,DatabaseLog,Audit table tracking all DDL changes made to the AdventureWorks database. Data is captured by the database trigger ddlDatabaseTriggerLog.,TSQL,nvarchar,-1,The exact Transact-SQL statement that was executed.
dbo,DatabaseLog,Audit table tracking all DDL changes made to the AdventureWorks database. Data is captured by the database trigger ddlDatabaseTriggerLog.,XmlEvent,xml,-1,The raw XML data generated by database trigger.
dbo,ErrorLog,Audit table tracking errors in the the AdventureWorks database that are caught by the CATCH block of a TRY...CATCH construct. Data is inserted by stored procedure dbo.uspLogError when it is executed from inside the CATCH block of a TRY...CATCH construct.,ErrorLogID,int,4,Primary key for ErrorLog records.
dbo,ErrorLog,Audit table tracking errors in the the AdventureWorks database that are caught by the CATCH block of a TRY...CATCH construct. Data is inserted by stored procedure dbo.uspLogError when it is executed from inside the CATCH block of a TRY...CATCH construct.,ErrorTime,datetime,8,The date and time at which the error occurred.
dbo,ErrorLog,Audit table tracking errors in the the AdventureWorks database that are caught by the CATCH block of a TRY...CATCH construct. Data is inserted by stored procedure dbo.uspLogError when it is executed from inside the CATCH block of a TRY...CATCH construct.,UserName,sysname,256,The user who executed the batch in which the error occurred.
dbo,ErrorLog,Audit table tracking errors in the the AdventureWorks database that are caught by the CATCH block of a TRY...CATCH construct. Data is inserted by stored procedure dbo.uspLogError when it is executed from inside the CATCH block of a TRY...CATCH construct.,ErrorNumber,int,4,The error number of the error that occurred.
dbo,ErrorLog,Audit table tracking errors in the the AdventureWorks database that are caught by the CATCH block of a TRY...CATCH construct. Data is inserted by stored procedure dbo.uspLogError when it is executed from inside the CATCH block of a TRY...CATCH construct.,ErrorSeverity,int,4,The severity of the error that occurred.
dbo,ErrorLog,Audit table tracking errors in the the AdventureWorks database that are caught by the CATCH block of a TRY...CATCH construct. Data is inserted by stored procedure dbo.uspLogError when it is executed from inside the CATCH block of a TRY...CATCH construct.,ErrorState,int,4,The state number of the error that occurred.
dbo,ErrorLog,Audit table tracking errors in the the AdventureWorks database that are caught by the CATCH block of a TRY...CATCH construct. Data is inserted by stored procedure dbo.uspLogError when it is executed from inside the CATCH block of a TRY...CATCH construct.,ErrorProcedure,nvarchar,252,The name of the stored procedure or trigger where the error occurred.
dbo,ErrorLog,Audit table tracking errors in the the AdventureWorks database that are caught by the CATCH block of a TRY...CATCH construct. Data is inserted by stored procedure dbo.uspLogError when it is executed from inside the CATCH block of a TRY...CATCH construct.,ErrorLine,int,4,The line number at which the error occurred.
dbo,ErrorLog,Audit table tracking errors in the the AdventureWorks database that are caught by the CATCH block of a TRY...CATCH construct. Data is inserted by stored procedure dbo.uspLogError when it is executed from inside the CATCH block of a TRY...CATCH construct.,ErrorMessage,nvarchar,8000,The message text of the error that occurred.
HumanResources,Department,Lookup table containing the departments within the Adventure Works Cycles company.,DepartmentID,smallint,2,Primary key for Department records.
HumanResources,Department,Lookup table containing the departments within the Adventure Works Cycles company.,Name,Name,100,Name of the department.
HumanResources,Department,Lookup table containing the departments within the Adventure Works Cycles company.,GroupName,Name,100,Name of the group to which the department belongs.
HumanResources,Department,Lookup table containing the departments within the Adventure Works Cycles company.,ModifiedDate,datetime,8,Date and time the record was last updated.
HumanResources,Employee,"Employee information such as salary, department, and title.",BusinessEntityID,int,4,Primary key for Employee records.  Foreign key to BusinessEntity.BusinessEntityID.
HumanResources,Employee,"Employee information such as salary, department, and title.",NationalIDNumber,nvarchar,30,Unique national identification number such as a social security number.
HumanResources,Employee,"Employee information such as salary, department, and title.",LoginID,nvarchar,512,Network login.
HumanResources,Employee,"Employee information such as salary, department, and title.",OrganizationNode,hierarchyid,892,Where the employee is located in corporate hierarchy.
HumanResources,Employee,"Employee information such as salary, department, and title.",OrganizationLevel,smallint,2,The depth of the employee in the corporate hierarchy.
HumanResources,Employee,"Employee information such as salary, department, and title.",JobTitle,nvarchar,100,Work title such as Buyer or Sales Representative.
HumanResources,Employee,"Employee information such as salary, department, and title.",BirthDate,date,3,Date of birth.
HumanResources,Employee,"Employee information such as salary, department, and title.",MaritalStatus,nchar,2,"M = Married, S = Single"
HumanResources,Employee,"Employee information such as salary, department, and title.",Gender,nchar,2,"M = Male, F = Female"
HumanResources,Employee,"Employee information such as salary, department, and title.",HireDate,date,3,Employee hired on this date.
HumanResources,Employee,"Employee information such as salary, department, and title.",SalariedFlag,Flag,1,"Job classification. 0 = Hourly, not exempt from collective bargaining. 1 = Salaried, exempt from collective bargaining."
HumanResources,Employee,"Employee information such as salary, department, and title.",VacationHours,smallint,2,Number of available vacation hours.
HumanResources,Employee,"Employee information such as salary, department, and title.",SickLeaveHours,smallint,2,Number of available sick leave hours.
HumanResources,Employee,"Employee information such as salary, department, and title.",CurrentFlag,Flag,1,"0 = Inactive, 1 = Active"
HumanResources,Employee,"Employee information such as salary, department, and title.",rowguid,uniqueidentifier,16,ROWGUIDCOL number uniquely identifying the record. Used to support a merge replication sample.
HumanResources,Employee,"Employee information such as salary, department, and title.",ModifiedDate,datetime,8,Date and time the record was last updated.
HumanResources,EmployeeDepartmentHistory,Employee department transfers.,BusinessEntityID,int,4,Employee identification number. Foreign key to Employee.BusinessEntityID.
HumanResources,EmployeeDepartmentHistory,Employee department transfers.,DepartmentID,smallint,2,Department in which the employee worked including currently. Foreign key to Department.DepartmentID.
HumanResources,EmployeeDepartmentHistory,Employee department transfers.,ShiftID,tinyint,1,Identifies which 8-hour shift the employee works. Foreign key to Shift.Shift.ID.
HumanResources,EmployeeDepartmentHistory,Employee department transfers.,StartDate,date,3,Date the employee started work in the department.
HumanResources,EmployeeDepartmentHistory,Employee department transfers.,EndDate,date,3,Date the employee left the department. NULL = Current department.
HumanResources,EmployeeDepartmentHistory,Employee department transfers.,ModifiedDate,datetime,8,Date and time the record was last updated.
HumanResources,EmployeePayHistory,Employee pay history.,BusinessEntityID,int,4,Employee identification number. Foreign key to Employee.BusinessEntityID.
HumanResources,EmployeePayHistory,Employee pay history.,RateChangeDate,datetime,8,Date the change in pay is effective
HumanResources,EmployeePayHistory,Employee pay history.,Rate,money,8,Salary hourly rate.
HumanResources,EmployeePayHistory,Employee pay history.,PayFrequency,tinyint,1,"1 = Salary received monthly, 2 = Salary received biweekly"
HumanResources,EmployeePayHistory,Employee pay history.,ModifiedDate,datetime,8,Date and time the record was last updated.
HumanResources,JobCandidate,Résumés submitted to Human Resources by job applicants.,JobCandidateID,int,4,Primary key for JobCandidate records.
HumanResources,JobCandidate,Résumés submitted to Human Resources by job applicants.,BusinessEntityID,int,4,Employee identification number if applicant was hired. Foreign key to Employee.BusinessEntityID.
HumanResources,JobCandidate,Résumés submitted to Human Resources by job applicants.,Resume,xml,-1,Résumé in XML format.
HumanResources,JobCandidate,Résumés submitted to Human Resources by job applicants.,ModifiedDate,datetime,8,Date and time the record was last updated.
HumanResources,Shift,Work shift lookup table.,ShiftID,tinyint,1,Primary key for Shift records.
HumanResources,Shift,Work shift lookup table.,Name,Name,100,Shift description.
HumanResources,Shift,Work shift lookup table.,StartTime,time,5,Shift start time.
HumanResources,Shift,Work shift lookup table.,EndTime,time,5,Shift end time.
HumanResources,Shift,Work shift lookup table.,ModifiedDate,datetime,8,Date and time the record was last updated.
Person,Address,"Street address information for customers, employees, and vendors.",AddressID,int,4,Primary key for Address records.
Person,Address,"Street address information for customers, employees, and vendors.",AddressLine1,nvarchar,120,First street address line.
Person,Address,"Street address information for customers, employees, and vendors.",AddressLine2,nvarchar,120,Second street address line.
Person,Address,"Street address information for customers, employees, and vendors.",City,nvarchar,60,Name of the city.
Person,Address,"Street address information for customers, employees, and vendors.",StateProvinceID,int,4,Unique identification number for the state or province. Foreign key to StateProvince table.
Person,Address,"Street address information for customers, employees, and vendors.",PostalCode,nvarchar,30,Postal code for the street address.
Person,Address,"Street address information for customers, employees, and vendors.",SpatialLocation,geography,-1,Latitude and longitude of this address.
Person,Address,"Street address information for customers, employees, and vendors.",rowguid,uniqueidentifier,16,ROWGUIDCOL number uniquely identifying the record. Used to support a merge replication sample.
Person,Address,"Street address information for customers, employees, and vendors.",ModifiedDate,datetime,8,Date and time the record was last updated.
Person,AddressType,"Types of addresses stored in the Address table. ",AddressTypeID,int,4,Primary key for AddressType records.
Person,AddressType,"Types of addresses stored in the Address table. ",Name,Name,100,"Address type description. For example, Billing, Home, or Shipping."
Person,AddressType,"Types of addresses stored in the Address table. ",rowguid,uniqueidentifier,16,ROWGUIDCOL number uniquely identifying the record. Used to support a merge replication sample.
Person,AddressType,"Types of addresses stored in the Address table. ",ModifiedDate,datetime,8,Date and time the record was last updated.
Person,BusinessEntity,"Source of the ID that connects vendors, customers, and employees with address and contact information.",BusinessEntityID,int,4,"Primary key for all customers, vendors, and employees."
Person,BusinessEntity,"Source of the ID that connects vendors, customers, and employees with address and contact information.",rowguid,uniqueidentifier,16,ROWGUIDCOL number uniquely identifying the record. Used to support a merge replication sample.
Person,BusinessEntity,"Source of the ID that connects vendors, customers, and employees with address and contact information.",ModifiedDate,datetime,8,Date and time the record was last updated.
Person,BusinessEntityAddress,"Cross-reference table mapping customers, vendors, and employees to their addresses.",BusinessEntityID,int,4,Primary key. Foreign key to BusinessEntity.BusinessEntityID.
Person,BusinessEntityAddress,"Cross-reference table mapping customers, vendors, and employees to their addresses.",AddressID,int,4,Primary key. Foreign key to Address.AddressID.
Person,BusinessEntityAddress,"Cross-reference table mapping customers, vendors, and employees to their addresses.",AddressTypeID,int,4,Primary key. Foreign key to AddressType.AddressTypeID.
Person,BusinessEntityAddress,"Cross-reference table mapping customers, vendors, and employees to their addresses.",rowguid,uniqueidentifier,16,ROWGUIDCOL number uniquely identifying the record. Used to support a merge replication sample.
Person,BusinessEntityAddress,"Cross-reference table mapping customers, vendors, and employees to their addresses.",ModifiedDate,datetime,8,Date and time the record was last updated.
Person,BusinessEntityContact,"Cross-reference table mapping stores, vendors, and employees to people",BusinessEntityID,int,4,Primary key. Foreign key to BusinessEntity.BusinessEntityID.
Person,BusinessEntityContact,"Cross-reference table mapping stores, vendors, and employees to people",PersonID,int,4,Primary key. Foreign key to Person.BusinessEntityID.
Person,BusinessEntityContact,"Cross-reference table mapping stores, vendors, and employees to people",ContactTypeID,int,4,Primary key.  Foreign key to ContactType.ContactTypeID.
Person,BusinessEntityContact,"Cross-reference table mapping stores, vendors, and employees to people",rowguid,uniqueidentifier,16,ROWGUIDCOL number uniquely identifying the record. Used to support a merge replication sample.
Person,BusinessEntityContact,"Cross-reference table mapping stores, vendors, and employees to people",ModifiedDate,datetime,8,Date and time the record was last updated.
Person,ContactType,Lookup table containing the types of business entity contacts.,ContactTypeID,int,4,Primary key for ContactType records.
Person,ContactType,Lookup table containing the types of business entity contacts.,Name,Name,100,Contact type description.
Person,ContactType,Lookup table containing the types of business entity contacts.,ModifiedDate,datetime,8,Date and time the record was last updated.
Person,CountryRegion,Lookup table containing the ISO standard codes for countries and regions.,CountryRegionCode,nvarchar,6,ISO standard code for countries and regions.
Person,CountryRegion,Lookup table containing the ISO standard codes for countries and regions.,Name,Name,100,Country or region name.
Person,CountryRegion,Lookup table containing the ISO standard codes for countries and regions.,ModifiedDate,datetime,8,Date and time the record was last updated.
Person,EmailAddress,Where to send a person email.,BusinessEntityID,int,4,Primary key. Person associated with this email address.  Foreign key to Person.BusinessEntityID
Person,EmailAddress,Where to send a person email.,EmailAddressID,int,4,Primary key. ID of this email address.
Person,EmailAddress,Where to send a person email.,EmailAddress,nvarchar,100,E-mail address for the person.
Person,EmailAddress,Where to send a person email.,rowguid,uniqueidentifier,16,ROWGUIDCOL number uniquely identifying the record. Used to support a merge replication sample.
Person,EmailAddress,Where to send a person email.,ModifiedDate,datetime,8,Date and time the record was last updated.
Person,Password,One way hashed authentication information,BusinessEntityID,int,4,NULL
Person,Password,One way hashed authentication information,PasswordHash,varchar,128,Password for the e-mail account.
Person,Password,One way hashed authentication information,PasswordSalt,varchar,10,Random value concatenated with the password string before the password is hashed.
Person,Password,One way hashed authentication information,rowguid,uniqueidentifier,16,ROWGUIDCOL number uniquely identifying the record. Used to support a merge replication sample.
Person,Password,One way hashed authentication information,ModifiedDate,datetime,8,Date and time the record was last updated.
Person,Person,"Human beings involved with AdventureWorks: employees, customer contacts, and vendor contacts.",BusinessEntityID,int,4,Primary key for Person records.
Person,Person,"Human beings involved with AdventureWorks: employees, customer contacts, and vendor contacts.",PersonType,nchar,4,"Primary type of person: SC = Store Contact, IN = Individual (retail) customer, SP = Sales person, EM = Employee (non-sales), VC = Vendor contact, GC = General contact"
Person,Person,"Human beings involved with AdventureWorks: employees, customer contacts, and vendor contacts.",NameStyle,NameStyle,1,"0 = The data in FirstName and LastName are stored in western style (first name, last name) order.  1 = Eastern style (last name, first name) order."
Person,Person,"Human beings involved with AdventureWorks: employees, customer contacts, and vendor contacts.",Title,nvarchar,16,"A courtesy title. For example, Mr. or Ms."
Person,Person,"Human beings involved with AdventureWorks: employees, customer contacts, and vendor contacts.",FirstName,Name,100,First name of the person.
Person,Person,"Human beings involved with AdventureWorks: employees, customer contacts, and vendor contacts.",MiddleName,Name,100,Middle name or middle initial of the person.
Person,Person,"Human beings involved with AdventureWorks: employees, customer contacts, and vendor contacts.",LastName,Name,100,Last name of the person.
Person,Person,"Human beings involved with AdventureWorks: employees, customer contacts, and vendor contacts.",Suffix,nvarchar,20,"Surname suffix. For example, Sr. or Jr."
Person,Person,"Human beings involved with AdventureWorks: employees, customer contacts, and vendor contacts.",EmailPromotion,int,4,"0 = Contact does not wish to receive e-mail promotions, 1 = Contact does wish to receive e-mail promotions from AdventureWorks, 2 = Contact does wish to receive e-mail promotions from AdventureWorks and selected partners. "
Person,Person,"Human beings involved with AdventureWorks: employees, customer contacts, and vendor contacts.",AdditionalContactInfo,xml,-1,"Additional contact information about the person stored in xml format. "
Person,Person,"Human beings involved with AdventureWorks: employees, customer contacts, and vendor contacts.",Demographics,xml,-1,"Personal information such as hobbies, and income collected from online shoppers. Used for sales analysis."
Person,Person,"Human beings involved with AdventureWorks: employees, customer contacts, and vendor contacts.",rowguid,uniqueidentifier,16,ROWGUIDCOL number uniquely identifying the record. Used to support a merge replication sample.
Person,Person,"Human beings involved with AdventureWorks: employees, customer contacts, and vendor contacts.",ModifiedDate,datetime,8,Date and time the record was last updated.
Person,PersonPhone,Telephone number and type of a person.,BusinessEntityID,int,4,Business entity identification number. Foreign key to Person.BusinessEntityID.
Person,PersonPhone,Telephone number and type of a person.,PhoneNumber,Phone,50,Telephone number identification number.
Person,PersonPhone,Telephone number and type of a person.,PhoneNumberTypeID,int,4,Kind of phone number. Foreign key to PhoneNumberType.PhoneNumberTypeID.
Person,PersonPhone,Telephone number and type of a person.,ModifiedDate,datetime,8,Date and time the record was last updated.
Person,PhoneNumberType,Type of phone number of a person.,PhoneNumberTypeID,int,4,Primary key for telephone number type records.
Person,PhoneNumberType,Type of phone number of a person.,Name,Name,100,Name of the telephone number type
Person,PhoneNumberType,Type of phone number of a person.,ModifiedDate,datetime,8,Date and time the record was last updated.
Person,StateProvince,State and province lookup table.,StateProvinceID,int,4,Primary key for StateProvince records.
Person,StateProvince,State and province lookup table.,StateProvinceCode,nchar,6,ISO standard state or province code.
Person,StateProvince,State and province lookup table.,CountryRegionCode,nvarchar,6,"ISO standard country or region code. Foreign key to CountryRegion.CountryRegionCode. "
Person,StateProvince,State and province lookup table.,IsOnlyStateProvinceFlag,Flag,1,"0 = StateProvinceCode exists. 1 = StateProvinceCode unavailable, using CountryRegionCode."
Person,StateProvince,State and province lookup table.,Name,Name,100,State or province description.
Person,StateProvince,State and province lookup table.,TerritoryID,int,4,ID of the territory in which the state or province is located. Foreign key to SalesTerritory.SalesTerritoryID.
Person,StateProvince,State and province lookup table.,rowguid,uniqueidentifier,16,ROWGUIDCOL number uniquely identifying the record. Used to support a merge replication sample.
Person,StateProvince,State and province lookup table.,ModifiedDate,datetime,8,Date and time the record was last updated.
Production,BillOfMaterials,Items required to make bicycles and bicycle subassemblies. It identifies the heirarchical relationship between a parent product and its components.,BillOfMaterialsID,int,4,Primary key for BillOfMaterials records.
Production,BillOfMaterials,Items required to make bicycles and bicycle subassemblies. It identifies the heirarchical relationship between a parent product and its components.,ProductAssemblyID,int,4,Parent product identification number. Foreign key to Product.ProductID.
Production,BillOfMaterials,Items required to make bicycles and bicycle subassemblies. It identifies the heirarchical relationship between a parent product and its components.,ComponentID,int,4,Component identification number. Foreign key to Product.ProductID.
Production,BillOfMaterials,Items required to make bicycles and bicycle subassemblies. It identifies the heirarchical relationship between a parent product and its components.,StartDate,datetime,8,Date the component started being used in the assembly item.
Production,BillOfMaterials,Items required to make bicycles and bicycle subassemblies. It identifies the heirarchical relationship between a parent product and its components.,EndDate,datetime,8,Date the component stopped being used in the assembly item.
Production,BillOfMaterials,Items required to make bicycles and bicycle subassemblies. It identifies the heirarchical relationship between a parent product and its components.,UnitMeasureCode,nchar,6,Standard code identifying the unit of measure for the quantity.
Production,BillOfMaterials,Items required to make bicycles and bicycle subassemblies. It identifies the heirarchical relationship between a parent product and its components.,BOMLevel,smallint,2,Indicates the depth the component is from its parent (AssemblyID).
Production,BillOfMaterials,Items required to make bicycles and bicycle subassemblies. It identifies the heirarchical relationship between a parent product and its components.,PerAssemblyQty,decimal,5,Quantity of the component needed to create the assembly.
Production,BillOfMaterials,Items required to make bicycles and bicycle subassemblies. It identifies the heirarchical relationship between a parent product and its components.,ModifiedDate,datetime,8,Date and time the record was last updated.
Production,Culture,Lookup table containing the languages in which some AdventureWorks data is stored.,CultureID,nchar,12,Primary key for Culture records.
Production,Culture,Lookup table containing the languages in which some AdventureWorks data is stored.,Name,Name,100,Culture description.
Production,Culture,Lookup table containing the languages in which some AdventureWorks data is stored.,ModifiedDate,datetime,8,Date and time the record was last updated.
Production,Document,Product maintenance documents.,DocumentNode,hierarchyid,892,Primary key for Document records.
Production,Document,Product maintenance documents.,DocumentLevel,smallint,2,Depth in the document hierarchy.
Production,Document,Product maintenance documents.,Title,nvarchar,100,Title of the document.
Production,Document,Product maintenance documents.,Owner,int,4,Employee who controls the document.  Foreign key to Employee.BusinessEntityID
Production,Document,Product maintenance documents.,FolderFlag,bit,1,"0 = This is a folder, 1 = This is a document."
Production,Document,Product maintenance documents.,FileName,nvarchar,800,File name of the document
Production,Document,Product maintenance documents.,FileExtension,nvarchar,16,"File extension indicating the document type. For example, .doc or .txt."
Production,Document,Product maintenance documents.,Revision,nchar,10,"Revision number of the document. "
Production,Document,Product maintenance documents.,ChangeNumber,int,4,Engineering change approval number.
Production,Document,Product maintenance documents.,Status,tinyint,1,"1 = Pending approval, 2 = Approved, 3 = Obsolete"
Production,Document,Product maintenance documents.,DocumentSummary,nvarchar,-1,Document abstract.
Production,Document,Product maintenance documents.,Document,varbinary,-1,Complete document.
Production,Document,Product maintenance documents.,rowguid,uniqueidentifier,16,ROWGUIDCOL number uniquely identifying the record. Required for FileStream.
Production,Document,Product maintenance documents.,ModifiedDate,datetime,8,Date and time the record was last updated.
Production,Illustration,Bicycle assembly diagrams.,IllustrationID,int,4,Primary key for Illustration records.
Production,Illustration,Bicycle assembly diagrams.,Diagram,xml,-1,Illustrations used in manufacturing instructions. Stored as XML.
Production,Illustration,Bicycle assembly diagrams.,ModifiedDate,datetime,8,Date and time the record was last updated.
Production,Location,Product inventory and manufacturing locations.,LocationID,smallint,2,Primary key for Location records.
Production,Location,Product inventory and manufacturing locations.,Name,Name,100,Location description.
Production,Location,Product inventory and manufacturing locations.,CostRate,smallmoney,4,Standard hourly cost of the manufacturing location.
Production,Location,Product inventory and manufacturing locations.,Availability,decimal,5,Work capacity (in hours) of the manufacturing location.
Production,Location,Product inventory and manufacturing locations.,ModifiedDate,datetime,8,Date and time the record was last updated.
Production,Product,Products sold or used in the manfacturing of sold products.,ProductID,int,4,Primary key for Product records.
Production,Product,Products sold or used in the manfacturing of sold products.,Name,Name,100,Name of the product.
Production,Product,Products sold or used in the manfacturing of sold products.,ProductNumber,nvarchar,50,Unique product identification number.
Production,Product,Products sold or used in the manfacturing of sold products.,MakeFlag,Flag,1,"0 = Product is purchased, 1 = Product is manufactured in-house."
Production,Product,Products sold or used in the manfacturing of sold products.,FinishedGoodsFlag,Flag,1,0 = Product is not a salable item. 1 = Product is salable.
Production,Product,Products sold or used in the manfacturing of sold products.,Color,nvarchar,30,Product color.
Production,Product,Products sold or used in the manfacturing of sold products.,SafetyStockLevel,smallint,2,"Minimum inventory quantity. "
Production,Product,Products sold or used in the manfacturing of sold products.,ReorderPoint,smallint,2,"Inventory level that triggers a purchase order or work order. "
Production,Product,Products sold or used in the manfacturing of sold products.,StandardCost,money,8,Standard cost of the product.
Production,Product,Products sold or used in the manfacturing of sold products.,ListPrice,money,8,Selling price.
Production,Product,Products sold or used in the manfacturing of sold products.,Size,nvarchar,10,Product size.
Production,Product,Products sold or used in the manfacturing of sold products.,SizeUnitMeasureCode,nchar,6,Unit of measure for Size column.
Production,Product,Products sold or used in the manfacturing of sold products.,WeightUnitMeasureCode,nchar,6,Unit of measure for Weight column.
Production,Product,Products sold or used in the manfacturing of sold products.,Weight,decimal,5,Product weight.
Production,Product,Products sold or used in the manfacturing of sold products.,DaysToManufacture,int,4,Number of days required to manufacture the product.
Production,Product,Products sold or used in the manfacturing of sold products.,ProductLine,nchar,4,"R = Road, M = Mountain, T = Touring, S = Standard"
Production,Product,Products sold or used in the manfacturing of sold products.,Class,nchar,4,"H = High, M = Medium, L = Low"
Production,Product,Products sold or used in the manfacturing of sold products.,Style,nchar,4,"W = Womens, M = Mens, U = Universal"
Production,Product,Products sold or used in the manfacturing of sold products.,ProductSubcategoryID,int,4,"Product is a member of this product subcategory. Foreign key to ProductSubCategory.ProductSubCategoryID. "
Production,Product,Products sold or used in the manfacturing of sold products.,ProductModelID,int,4,Product is a member of this product model. Foreign key to ProductModel.ProductModelID.
Production,Product,Products sold or used in the manfacturing of sold products.,SellStartDate,datetime,8,Date the product was available for sale.
Production,Product,Products sold or used in the manfacturing of sold products.,SellEndDate,datetime,8,Date the product was no longer available for sale.
Production,Product,Products sold or used in the manfacturing of sold products.,DiscontinuedDate,datetime,8,Date the product was discontinued.
Production,Product,Products sold or used in the manfacturing of sold products.,rowguid,uniqueidentifier,16,ROWGUIDCOL number uniquely identifying the record. Used to support a merge replication sample.
Production,Product,Products sold or used in the manfacturing of sold products.,ModifiedDate,datetime,8,Date and time the record was last updated.
Production,ProductCategory,High-level product categorization.,ProductCategoryID,int,4,Primary key for ProductCategory records.
Production,ProductCategory,High-level product categorization.,Name,Name,100,Category description.
Production,ProductCategory,High-level product categorization.,rowguid,uniqueidentifier,16,ROWGUIDCOL number uniquely identifying the record. Used to support a merge replication sample.
Production,ProductCategory,High-level product categorization.,ModifiedDate,datetime,8,Date and time the record was last updated.
Production,ProductCostHistory,Changes in the cost of a product over time.,ProductID,int,4,Product identification number. Foreign key to Product.ProductID
Production,ProductCostHistory,Changes in the cost of a product over time.,StartDate,datetime,8,Product cost start date.
Production,ProductCostHistory,Changes in the cost of a product over time.,EndDate,datetime,8,Product cost end date.
Production,ProductCostHistory,Changes in the cost of a product over time.,StandardCost,money,8,Standard cost of the product.
Production,ProductCostHistory,Changes in the cost of a product over time.,ModifiedDate,datetime,8,Date and time the record was last updated.
Production,ProductDescription,Product descriptions in several languages.,ProductDescriptionID,int,4,Primary key for ProductDescription records.
Production,ProductDescription,Product descriptions in several languages.,Description,nvarchar,800,Description of the product.
Production,ProductDescription,Product descriptions in several languages.,rowguid,uniqueidentifier,16,ROWGUIDCOL number uniquely identifying the record. Used to support a merge replication sample.
Production,ProductDescription,Product descriptions in several languages.,ModifiedDate,datetime,8,Date and time the record was last updated.
Production,ProductDocument,Cross-reference table mapping products to related product documents.,ProductID,int,4,Product identification number. Foreign key to Product.ProductID.
Production,ProductDocument,Cross-reference table mapping products to related product documents.,DocumentNode,hierarchyid,892,Document identification number. Foreign key to Document.DocumentNode.
Production,ProductDocument,Cross-reference table mapping products to related product documents.,ModifiedDate,datetime,8,Date and time the record was last updated.
Production,ProductInventory,Product inventory information.,ProductID,int,4,Product identification number. Foreign key to Product.ProductID.
Production,ProductInventory,Product inventory information.,LocationID,smallint,2,"Inventory location identification number. Foreign key to Location.LocationID. "
Production,ProductInventory,Product inventory information.,Shelf,nvarchar,20,Storage compartment within an inventory location.
Production,ProductInventory,Product inventory information.,Bin,tinyint,1,Storage container on a shelf in an inventory location.
Production,ProductInventory,Product inventory information.,Quantity,smallint,2,Quantity of products in the inventory location.
Production,ProductInventory,Product inventory information.,rowguid,uniqueidentifier,16,ROWGUIDCOL number uniquely identifying the record. Used to support a merge replication sample.
Production,ProductInventory,Product inventory information.,ModifiedDate,datetime,8,Date and time the record was last updated.
Production,ProductListPriceHistory,Changes in the list price of a product over time.,ProductID,int,4,Product identification number. Foreign key to Product.ProductID
Production,ProductListPriceHistory,Changes in the list price of a product over time.,StartDate,datetime,8,List price start date.
Production,ProductListPriceHistory,Changes in the list price of a product over time.,EndDate,datetime,8,List price end date
Production,ProductListPriceHistory,Changes in the list price of a product over time.,ListPrice,money,8,Product list price.
Production,ProductListPriceHistory,Changes in the list price of a product over time.,ModifiedDate,datetime,8,Date and time the record was last updated.
Production,ProductModel,Product model classification.,ProductModelID,int,4,Primary key for ProductModel records.
Production,ProductModel,Product model classification.,Name,Name,100,Product model description.
Production,ProductModel,Product model classification.,CatalogDescription,xml,-1,Detailed product catalog information in xml format.
Production,ProductModel,Product model classification.,Instructions,xml,-1,Manufacturing instructions in xml format.
Production,ProductModel,Product model classification.,rowguid,uniqueidentifier,16,ROWGUIDCOL number uniquely identifying the record. Used to support a merge replication sample.
Production,ProductModel,Product model classification.,ModifiedDate,datetime,8,Date and time the record was last updated.
Production,ProductModelIllustration,Cross-reference table mapping product models and illustrations.,ProductModelID,int,4,Primary key. Foreign key to ProductModel.ProductModelID.
Production,ProductModelIllustration,Cross-reference table mapping product models and illustrations.,IllustrationID,int,4,Primary key. Foreign key to Illustration.IllustrationID.
Production,ProductModelIllustration,Cross-reference table mapping product models and illustrations.,ModifiedDate,datetime,8,Date and time the record was last updated.
Production,ProductModelProductDescriptionCulture,Cross-reference table mapping product descriptions and the language the description is written in.,ProductModelID,int,4,Primary key. Foreign key to ProductModel.ProductModelID.
Production,ProductModelProductDescriptionCulture,Cross-reference table mapping product descriptions and the language the description is written in.,ProductDescriptionID,int,4,Primary key. Foreign key to ProductDescription.ProductDescriptionID.
Production,ProductModelProductDescriptionCulture,Cross-reference table mapping product descriptions and the language the description is written in.,CultureID,nchar,12,Culture identification number. Foreign key to Culture.CultureID.
Production,ProductModelProductDescriptionCulture,Cross-reference table mapping product descriptions and the language the description is written in.,ModifiedDate,datetime,8,Date and time the record was last updated.
Production,ProductPhoto,Product images.,ProductPhotoID,int,4,Primary key for ProductPhoto records.
Production,ProductPhoto,Product images.,ThumbNailPhoto,varbinary,-1,Small image of the product.
Production,ProductPhoto,Product images.,ThumbnailPhotoFileName,nvarchar,100,Small image file name.
Production,ProductPhoto,Product images.,LargePhoto,varbinary,-1,Large image of the product.
Production,ProductPhoto,Product images.,LargePhotoFileName,nvarchar,100,Large image file name.
Production,ProductPhoto,Product images.,ModifiedDate,datetime,8,Date and time the record was last updated.
Production,ProductProductPhoto,Cross-reference table mapping products and product photos.,ProductID,int,4,Product identification number. Foreign key to Product.ProductID.
Production,ProductProductPhoto,Cross-reference table mapping products and product photos.,ProductPhotoID,int,4,Product photo identification number. Foreign key to ProductPhoto.ProductPhotoID.
Production,ProductProductPhoto,Cross-reference table mapping products and product photos.,Primary,Flag,1,0 = Photo is not the principal image. 1 = Photo is the principal image.
Production,ProductProductPhoto,Cross-reference table mapping products and product photos.,ModifiedDate,datetime,8,Date and time the record was last updated.
Production,ProductReview,Customer reviews of products they have purchased.,ProductReviewID,int,4,Primary key for ProductReview records.
Production,ProductReview,Customer reviews of products they have purchased.,ProductID,int,4,Product identification number. Foreign key to Product.ProductID.
Production,ProductReview,Customer reviews of products they have purchased.,ReviewerName,Name,100,Name of the reviewer.
Production,ProductReview,Customer reviews of products they have purchased.,ReviewDate,datetime,8,Date review was submitted.
Production,ProductReview,Customer reviews of products they have purchased.,EmailAddress,nvarchar,100,Reviewer's e-mail address.
Production,ProductReview,Customer reviews of products they have purchased.,Rating,int,4,Product rating given by the reviewer. Scale is 1 to 5 with 5 as the highest rating.
Production,ProductReview,Customer reviews of products they have purchased.,Comments,nvarchar,7700,Reviewer's comments
Production,ProductReview,Customer reviews of products they have purchased.,ModifiedDate,datetime,8,Date and time the record was last updated.
Production,ProductSubcategory,Product subcategories. See ProductCategory table.,ProductSubcategoryID,int,4,Primary key for ProductSubcategory records.
Production,ProductSubcategory,Product subcategories. See ProductCategory table.,ProductCategoryID,int,4,Product category identification number. Foreign key to ProductCategory.ProductCategoryID.
Production,ProductSubcategory,Product subcategories. See ProductCategory table.,Name,Name,100,Subcategory description.
Production,ProductSubcategory,Product subcategories. See ProductCategory table.,rowguid,uniqueidentifier,16,ROWGUIDCOL number uniquely identifying the record. Used to support a merge replication sample.
Production,ProductSubcategory,Product subcategories. See ProductCategory table.,ModifiedDate,datetime,8,Date and time the record was last updated.
Production,ScrapReason,Manufacturing failure reasons lookup table.,ScrapReasonID,smallint,2,Primary key for ScrapReason records.
Production,ScrapReason,Manufacturing failure reasons lookup table.,Name,Name,100,Failure description.
Production,ScrapReason,Manufacturing failure reasons lookup table.,ModifiedDate,datetime,8,Date and time the record was last updated.
Production,TransactionHistory,"Record of each purchase order, sales order, or work order transaction year to date.",TransactionID,int,4,Primary key for TransactionHistory records.
Production,TransactionHistory,"Record of each purchase order, sales order, or work order transaction year to date.",ProductID,int,4,Product identification number. Foreign key to Product.ProductID.
Production,TransactionHistory,"Record of each purchase order, sales order, or work order transaction year to date.",ReferenceOrderID,int,4,"Purchase order, sales order, or work order identification number."
Production,TransactionHistory,"Record of each purchase order, sales order, or work order transaction year to date.",ReferenceOrderLineID,int,4,"Line number associated with the purchase order, sales order, or work order."
Production,TransactionHistory,"Record of each purchase order, sales order, or work order transaction year to date.",TransactionDate,datetime,8,Date and time of the transaction.
Production,TransactionHistory,"Record of each purchase order, sales order, or work order transaction year to date.",TransactionType,nchar,2,"W = WorkOrder, S = SalesOrder, P = PurchaseOrder"
Production,TransactionHistory,"Record of each purchase order, sales order, or work order transaction year to date.",Quantity,int,4,Product quantity.
Production,TransactionHistory,"Record of each purchase order, sales order, or work order transaction year to date.",ActualCost,money,8,Product cost.
Production,TransactionHistory,"Record of each purchase order, sales order, or work order transaction year to date.",ModifiedDate,datetime,8,Date and time the record was last updated.
Production,TransactionHistoryArchive,Transactions for previous years.,TransactionID,int,4,Primary key for TransactionHistoryArchive records.
Production,TransactionHistoryArchive,Transactions for previous years.,ProductID,int,4,Product identification number. Foreign key to Product.ProductID.
Production,TransactionHistoryArchive,Transactions for previous years.,ReferenceOrderID,int,4,"Purchase order, sales order, or work order identification number."
Production,TransactionHistoryArchive,Transactions for previous years.,ReferenceOrderLineID,int,4,"Line number associated with the purchase order, sales order, or work order."
Production,TransactionHistoryArchive,Transactions for previous years.,TransactionDate,datetime,8,Date and time of the transaction.
Production,TransactionHistoryArchive,Transactions for previous years.,TransactionType,nchar,2,"W = Work Order, S = Sales Order, P = Purchase Order"
Production,TransactionHistoryArchive,Transactions for previous years.,Quantity,int,4,Product quantity.
Production,TransactionHistoryArchive,Transactions for previous years.,ActualCost,money,8,Product cost.
Production,TransactionHistoryArchive,Transactions for previous years.,ModifiedDate,datetime,8,Date and time the record was last updated.
Production,UnitMeasure,Unit of measure lookup table.,UnitMeasureCode,nchar,6,Primary key.
Production,UnitMeasure,Unit of measure lookup table.,Name,Name,100,Unit of measure description.
Production,UnitMeasure,Unit of measure lookup table.,ModifiedDate,datetime,8,Date and time the record was last updated.
Production,WorkOrder,NULL,WorkOrderID,int,4,NULL
Production,WorkOrder,NULL,ProductID,int,4,NULL
Production,WorkOrder,NULL,OrderQty,int,4,NULL
Production,WorkOrder,NULL,StockedQty,int,4,NULL
Production,WorkOrder,NULL,ScrappedQty,smallint,2,NULL
Production,WorkOrder,NULL,StartDate,datetime,8,NULL
Production,WorkOrder,NULL,EndDate,datetime,8,NULL
Production,WorkOrder,NULL,DueDate,datetime,8,NULL
Production,WorkOrder,NULL,ScrapReasonID,smallint,2,NULL
Production,WorkOrder,NULL,ModifiedDate,datetime,8,NULL
Production,WorkOrderRouting,NULL,WorkOrderID,int,4,NULL
Production,WorkOrderRouting,NULL,ProductID,int,4,NULL
Production,WorkOrderRouting,NULL,OperationSequence,smallint,2,NULL
Production,WorkOrderRouting,NULL,LocationID,smallint,2,NULL
Production,WorkOrderRouting,NULL,ScheduledStartDate,datetime,8,NULL
Production,WorkOrderRouting,NULL,ScheduledEndDate,datetime,8,NULL
Production,WorkOrderRouting,NULL,ActualStartDate,datetime,8,NULL
Production,WorkOrderRouting,NULL,ActualEndDate,datetime,8,NULL
Production,WorkOrderRouting,NULL,ActualResourceHrs,decimal,5,NULL
Production,WorkOrderRouting,NULL,PlannedCost,money,8,NULL
Production,WorkOrderRouting,NULL,ActualCost,money,8,NULL
Production,WorkOrderRouting,NULL,ModifiedDate,datetime,8,NULL
Purchasing,ProductVendor,Cross-reference table mapping vendors with the products they supply.,ProductID,int,4,Primary key. Foreign key to Product.ProductID.
Purchasing,ProductVendor,Cross-reference table mapping vendors with the products they supply.,BusinessEntityID,int,4,Primary key. Foreign key to Vendor.BusinessEntityID.
Purchasing,ProductVendor,Cross-reference table mapping vendors with the products they supply.,AverageLeadTime,int,4,The average span of time (in days) between placing an order with the vendor and receiving the purchased product.
Purchasing,ProductVendor,Cross-reference table mapping vendors with the products they supply.,StandardPrice,money,8,The vendor's usual selling price.
Purchasing,ProductVendor,Cross-reference table mapping vendors with the products they supply.,LastReceiptCost,money,8,The selling price when last purchased.
Purchasing,ProductVendor,Cross-reference table mapping vendors with the products they supply.,LastReceiptDate,datetime,8,Date the product was last received by the vendor.
Purchasing,ProductVendor,Cross-reference table mapping vendors with the products they supply.,MinOrderQty,int,4,The maximum quantity that should be ordered.
Purchasing,ProductVendor,Cross-reference table mapping vendors with the products they supply.,MaxOrderQty,int,4,The minimum quantity that should be ordered.
Purchasing,ProductVendor,Cross-reference table mapping vendors with the products they supply.,OnOrderQty,int,4,The quantity currently on order.
Purchasing,ProductVendor,Cross-reference table mapping vendors with the products they supply.,UnitMeasureCode,nchar,6,The product's unit of measure.
Purchasing,ProductVendor,Cross-reference table mapping vendors with the products they supply.,ModifiedDate,datetime,8,Date and time the record was last updated.
Purchasing,PurchaseOrderDetail,Individual products associated with a specific purchase order. See PurchaseOrderHeader.,PurchaseOrderID,int,4,Primary key. Foreign key to PurchaseOrderHeader.PurchaseOrderID.
Purchasing,PurchaseOrderDetail,Individual products associated with a specific purchase order. See PurchaseOrderHeader.,PurchaseOrderDetailID,int,4,Primary key. One line number per purchased product.
Purchasing,PurchaseOrderDetail,Individual products associated with a specific purchase order. See PurchaseOrderHeader.,DueDate,datetime,8,Date the product is expected to be received.
Purchasing,PurchaseOrderDetail,Individual products associated with a specific purchase order. See PurchaseOrderHeader.,OrderQty,smallint,2,Quantity ordered.
Purchasing,PurchaseOrderDetail,Individual products associated with a specific purchase order. See PurchaseOrderHeader.,ProductID,int,4,Product identification number. Foreign key to Product.ProductID.
Purchasing,PurchaseOrderDetail,Individual products associated with a specific purchase order. See PurchaseOrderHeader.,UnitPrice,money,8,Vendor's selling price of a single product.
Purchasing,PurchaseOrderDetail,Individual products associated with a specific purchase order. See PurchaseOrderHeader.,LineTotal,money,8,Per product subtotal. Computed as OrderQty * UnitPrice.
Purchasing,PurchaseOrderDetail,Individual products associated with a specific purchase order. See PurchaseOrderHeader.,ReceivedQty,decimal,5,Quantity actually received from the vendor.
Purchasing,PurchaseOrderDetail,Individual products associated with a specific purchase order. See PurchaseOrderHeader.,RejectedQty,decimal,5,Quantity rejected during inspection.
Purchasing,PurchaseOrderDetail,Individual products associated with a specific purchase order. See PurchaseOrderHeader.,StockedQty,decimal,5,Quantity accepted into inventory. Computed as ReceivedQty - RejectedQty.
Purchasing,PurchaseOrderDetail,Individual products associated with a specific purchase order. See PurchaseOrderHeader.,ModifiedDate,datetime,8,Date and time the record was last updated.
Purchasing,PurchaseOrderHeader,General purchase order information. See PurchaseOrderDetail.,PurchaseOrderID,int,4,Primary key.
Purchasing,PurchaseOrderHeader,General purchase order information. See PurchaseOrderDetail.,RevisionNumber,tinyint,1,Incremental number to track changes to the purchase order over time.
Purchasing,PurchaseOrderHeader,General purchase order information. See PurchaseOrderDetail.,Status,tinyint,1,Order current status. 1 = Pending; 2 = Approved; 3 = Rejected; 4 = Complete
Purchasing,PurchaseOrderHeader,General purchase order information. See PurchaseOrderDetail.,EmployeeID,int,4,Employee who created the purchase order. Foreign key to Employee.BusinessEntityID.
Purchasing,PurchaseOrderHeader,General purchase order information. See PurchaseOrderDetail.,VendorID,int,4,Vendor with whom the purchase order is placed. Foreign key to Vendor.BusinessEntityID.
Purchasing,PurchaseOrderHeader,General purchase order information. See PurchaseOrderDetail.,ShipMethodID,int,4,Shipping method. Foreign key to ShipMethod.ShipMethodID.
Purchasing,PurchaseOrderHeader,General purchase order information. See PurchaseOrderDetail.,OrderDate,datetime,8,Purchase order creation date.
Purchasing,PurchaseOrderHeader,General purchase order information. See PurchaseOrderDetail.,ShipDate,datetime,8,Estimated shipment date from the vendor.
Purchasing,PurchaseOrderHeader,General purchase order information. See PurchaseOrderDetail.,SubTotal,money,8,Purchase order subtotal. Computed as SUM(PurchaseOrderDetail.LineTotal)for the appropriate PurchaseOrderID.
Purchasing,PurchaseOrderHeader,General purchase order information. See PurchaseOrderDetail.,TaxAmt,money,8,Tax amount.
Purchasing,PurchaseOrderHeader,General purchase order information. See PurchaseOrderDetail.,Freight,money,8,Shipping cost.
Purchasing,PurchaseOrderHeader,General purchase order information. See PurchaseOrderDetail.,TotalDue,money,8,Total due to vendor. Computed as Subtotal + TaxAmt + Freight.
Purchasing,PurchaseOrderHeader,General purchase order information. See PurchaseOrderDetail.,ModifiedDate,datetime,8,Date and time the record was last updated.
Purchasing,ShipMethod,Shipping company lookup table.,ShipMethodID,int,4,Primary key for ShipMethod records.
Purchasing,ShipMethod,Shipping company lookup table.,Name,Name,100,Shipping company name.
Purchasing,ShipMethod,Shipping company lookup table.,ShipBase,money,8,Minimum shipping charge.
Purchasing,ShipMethod,Shipping company lookup table.,ShipRate,money,8,Shipping charge per pound.
Purchasing,ShipMethod,Shipping company lookup table.,rowguid,uniqueidentifier,16,ROWGUIDCOL number uniquely identifying the record. Used to support a merge replication sample.
Purchasing,ShipMethod,Shipping company lookup table.,ModifiedDate,datetime,8,Date and time the record was last updated.
Purchasing,Vendor,Companies from whom Adventure Works Cycles purchases parts or other goods.,BusinessEntityID,int,4,Primary key for Vendor records.  Foreign key to BusinessEntity.BusinessEntityID
Purchasing,Vendor,Companies from whom Adventure Works Cycles purchases parts or other goods.,AccountNumber,AccountNumber,30,Vendor account (identification) number.
Purchasing,Vendor,Companies from whom Adventure Works Cycles purchases parts or other goods.,Name,Name,100,Company name.
Purchasing,Vendor,Companies from whom Adventure Works Cycles purchases parts or other goods.,CreditRating,tinyint,1,"1 = Superior, 2 = Excellent, 3 = Above average, 4 = Average, 5 = Below average"
Purchasing,Vendor,Companies from whom Adventure Works Cycles purchases parts or other goods.,PreferredVendorStatus,Flag,1,0 = Do not use if another vendor is available. 1 = Preferred over other vendors supplying the same product.
Purchasing,Vendor,Companies from whom Adventure Works Cycles purchases parts or other goods.,ActiveFlag,Flag,1,0 = Vendor no longer used. 1 = Vendor is actively used.
Purchasing,Vendor,Companies from whom Adventure Works Cycles purchases parts or other goods.,PurchasingWebServiceURL,nvarchar,2048,NULL
Purchasing,Vendor,Companies from whom Adventure Works Cycles purchases parts or other goods.,ModifiedDate,datetime,8,NULL
Sales,CountryRegionCurrency,Cross-reference table mapping ISO currency codes to a country or region.,CountryRegionCode,nvarchar,6,ISO code for countries and regions. Foreign key to CountryRegion.CountryRegionCode.
Sales,CountryRegionCurrency,Cross-reference table mapping ISO currency codes to a country or region.,CurrencyCode,nchar,6,ISO standard currency code. Foreign key to Currency.CurrencyCode.
Sales,CountryRegionCurrency,Cross-reference table mapping ISO currency codes to a country or region.,ModifiedDate,datetime,8,Date and time the record was last updated.
Sales,CreditCard,Customer credit card information.,CreditCardID,int,4,Primary key for CreditCard records.
Sales,CreditCard,Customer credit card information.,CardType,nvarchar,100,Credit card name.
Sales,CreditCard,Customer credit card information.,CardNumber,nvarchar,50,Credit card number.
Sales,CreditCard,Customer credit card information.,ExpMonth,tinyint,1,Credit card expiration month.
Sales,CreditCard,Customer credit card information.,ExpYear,smallint,2,Credit card expiration year.
Sales,CreditCard,Customer credit card information.,ModifiedDate,datetime,8,Date and time the record was last updated.
Sales,Currency,Lookup table containing standard ISO currencies.,CurrencyCode,nchar,6,The ISO code for the Currency.
Sales,Currency,Lookup table containing standard ISO currencies.,Name,Name,100,Currency name.
Sales,Currency,Lookup table containing standard ISO currencies.,ModifiedDate,datetime,8,Date and time the record was last updated.
Sales,CurrencyRate,Currency exchange rates.,CurrencyRateID,int,4,Primary key for CurrencyRate records.
Sales,CurrencyRate,Currency exchange rates.,CurrencyRateDate,datetime,8,Date and time the exchange rate was obtained.
Sales,CurrencyRate,Currency exchange rates.,FromCurrencyCode,nchar,6,Exchange rate was converted from this currency code.
Sales,CurrencyRate,Currency exchange rates.,ToCurrencyCode,nchar,6,Exchange rate was converted to this currency code.
Sales,CurrencyRate,Currency exchange rates.,AverageRate,money,8,Average exchange rate for the day.
Sales,CurrencyRate,Currency exchange rates.,EndOfDayRate,money,8,Final exchange rate for the day.
Sales,CurrencyRate,Currency exchange rates.,ModifiedDate,datetime,8,Date and time the record was last updated.
Sales,Customer,Current customer information. Also see the Person and Store tables.,CustomerID,int,4,Primary key.
Sales,Customer,Current customer information. Also see the Person and Store tables.,PersonID,int,4,Foreign key to Person.BusinessEntityID
Sales,Customer,Current customer information. Also see the Person and Store tables.,StoreID,int,4,Foreign key to Store.BusinessEntityID
Sales,Customer,Current customer information. Also see the Person and Store tables.,TerritoryID,int,4,ID of the territory in which the customer is located. Foreign key to SalesTerritory.SalesTerritoryID.
Sales,Customer,Current customer information. Also see the Person and Store tables.,AccountNumber,varchar,10,Unique number identifying the customer assigned by the accounting system.
Sales,Customer,Current customer information. Also see the Person and Store tables.,rowguid,uniqueidentifier,16,ROWGUIDCOL number uniquely identifying the record. Used to support a merge replication sample.
Sales,Customer,Current customer information. Also see the Person and Store tables.,ModifiedDate,datetime,8,Date and time the record was last updated.
Sales,PersonCreditCard,"Cross-reference table mapping people to their credit card information in the CreditCard table. ",BusinessEntityID,int,4,Business entity identification number. Foreign key to Person.BusinessEntityID.
Sales,PersonCreditCard,"Cross-reference table mapping people to their credit card information in the CreditCard table. ",CreditCardID,int,4,Credit card identification number. Foreign key to CreditCard.CreditCardID.
Sales,PersonCreditCard,"Cross-reference table mapping people to their credit card information in the CreditCard table. ",ModifiedDate,datetime,8,Date and time the record was last updated.
Sales,SalesOrderDetail,Individual products associated with a specific sales order. See SalesOrderHeader.,SalesOrderID,int,4,Primary key. Foreign key to SalesOrderHeader.SalesOrderID.
Sales,SalesOrderDetail,Individual products associated with a specific sales order. See SalesOrderHeader.,SalesOrderDetailID,int,4,Primary key. One incremental unique number per product sold.
Sales,SalesOrderDetail,Individual products associated with a specific sales order. See SalesOrderHeader.,CarrierTrackingNumber,nvarchar,50,Shipment tracking number supplied by the shipper.
Sales,SalesOrderDetail,Individual products associated with a specific sales order. See SalesOrderHeader.,OrderQty,smallint,2,Quantity ordered per product.
Sales,SalesOrderDetail,Individual products associated with a specific sales order. See SalesOrderHeader.,ProductID,int,4,Product sold to customer. Foreign key to Product.ProductID.
Sales,SalesOrderDetail,Individual products associated with a specific sales order. See SalesOrderHeader.,SpecialOfferID,int,4,Promotional code. Foreign key to SpecialOffer.SpecialOfferID.
Sales,SalesOrderDetail,Individual products associated with a specific sales order. See SalesOrderHeader.,UnitPrice,money,8,Selling price of a single product.
Sales,SalesOrderDetail,Individual products associated with a specific sales order. See SalesOrderHeader.,UnitPriceDiscount,money,8,Discount amount.
Sales,SalesOrderDetail,Individual products associated with a specific sales order. See SalesOrderHeader.,LineTotal,numeric,17,Per product subtotal. Computed as UnitPrice * (1 - UnitPriceDiscount) * OrderQty.
Sales,SalesOrderDetail,Individual products associated with a specific sales order. See SalesOrderHeader.,rowguid,uniqueidentifier,16,ROWGUIDCOL number uniquely identifying the record. Used to support a merge replication sample.
Sales,SalesOrderDetail,Individual products associated with a specific sales order. See SalesOrderHeader.,ModifiedDate,datetime,8,Date and time the record was last updated.
Sales,SalesOrderHeader,General sales order information.,SalesOrderID,int,4,Primary key.
Sales,SalesOrderHeader,General sales order information.,RevisionNumber,tinyint,1,Incremental number to track changes to the sales order over time.
Sales,SalesOrderHeader,General sales order information.,OrderDate,datetime,8,Dates the sales order was created.
Sales,SalesOrderHeader,General sales order information.,DueDate,datetime,8,Date the order is due to the customer.
Sales,SalesOrderHeader,General sales order information.,ShipDate,datetime,8,Date the order was shipped to the customer.
Sales,SalesOrderHeader,General sales order information.,Status,tinyint,1,Order current status. 1 = In process; 2 = Approved; 3 = Backordered; 4 = Rejected; 5 = Shipped; 6 = Cancelled
Sales,SalesOrderHeader,General sales order information.,OnlineOrderFlag,Flag,1,0 = Order placed by sales person. 1 = Order placed online by customer.
Sales,SalesOrderHeader,General sales order information.,SalesOrderNumber,nvarchar,50,Unique sales order identification number.
Sales,SalesOrderHeader,General sales order information.,PurchaseOrderNumber,OrderNumber,50,"Customer purchase order number reference. "
Sales,SalesOrderHeader,General sales order information.,AccountNumber,AccountNumber,30,Financial accounting number reference.
Sales,SalesOrderHeader,General sales order information.,CustomerID,int,4,Customer identification number. Foreign key to Customer.BusinessEntityID.
Sales,SalesOrderHeader,General sales order information.,SalesPersonID,int,4,Sales person who created the sales order. Foreign key to SalesPerson.BusinessEntityID.
Sales,SalesOrderHeader,General sales order information.,TerritoryID,int,4,Territory in which the sale was made. Foreign key to SalesTerritory.SalesTerritoryID.
Sales,SalesOrderHeader,General sales order information.,BillToAddressID,int,4,Customer billing address. Foreign key to Address.AddressID.
Sales,SalesOrderHeader,General sales order information.,ShipToAddressID,int,4,Customer shipping address. Foreign key to Address.AddressID.
Sales,SalesOrderHeader,General sales order information.,ShipMethodID,int,4,Shipping method. Foreign key to ShipMethod.ShipMethodID.
Sales,SalesOrderHeader,General sales order information.,CreditCardID,int,4,Credit card identification number. Foreign key to CreditCard.CreditCardID.
Sales,SalesOrderHeader,General sales order information.,CreditCardApprovalCode,varchar,15,Approval code provided by the credit card company.
Sales,SalesOrderHeader,General sales order information.,CurrencyRateID,int,4,Currency exchange rate used. Foreign key to CurrencyRate.CurrencyRateID.
Sales,SalesOrderHeader,General sales order information.,SubTotal,money,8,Sales subtotal. Computed as SUM(SalesOrderDetail.LineTotal)for the appropriate SalesOrderID.
Sales,SalesOrderHeader,General sales order information.,TaxAmt,money,8,Tax amount.
Sales,SalesOrderHeader,General sales order information.,Freight,money,8,Shipping cost.
Sales,SalesOrderHeader,General sales order information.,TotalDue,money,8,Total due from customer. Computed as Subtotal + TaxAmt + Freight.
Sales,SalesOrderHeader,General sales order information.,Comment,nvarchar,256,Sales representative comments.
Sales,SalesOrderHeader,General sales order information.,rowguid,uniqueidentifier,16,ROWGUIDCOL number uniquely identifying the record. Used to support a merge replication sample.
Sales,SalesOrderHeader,General sales order information.,ModifiedDate,datetime,8,Date and time the record was last updated.
Sales,SalesOrderHeaderSalesReason,Cross-reference table mapping sales orders to sales reason codes.,SalesOrderID,int,4,Primary key. Foreign key to SalesOrderHeader.SalesOrderID.
Sales,SalesOrderHeaderSalesReason,Cross-reference table mapping sales orders to sales reason codes.,SalesReasonID,int,4,Primary key. Foreign key to SalesReason.SalesReasonID.
Sales,SalesOrderHeaderSalesReason,Cross-reference table mapping sales orders to sales reason codes.,ModifiedDate,datetime,8,Date and time the record was last updated.
Sales,SalesPerson,Sales representative current information.,BusinessEntityID,int,4,Primary key for SalesPerson records. Foreign key to Employee.BusinessEntityID
Sales,SalesPerson,Sales representative current information.,TerritoryID,int,4,Territory currently assigned to. Foreign key to SalesTerritory.SalesTerritoryID.
Sales,SalesPerson,Sales representative current information.,SalesQuota,money,8,Projected yearly sales.
Sales,SalesPerson,Sales representative current information.,Bonus,money,8,Bonus due if quota is met.
Sales,SalesPerson,Sales representative current information.,CommissionPct,smallmoney,4,Commision percent received per sale.
Sales,SalesPerson,Sales representative current information.,SalesYTD,money,8,Sales total year to date.
Sales,SalesPerson,Sales representative current information.,SalesLastYear,money,8,Sales total of previous year.
Sales,SalesPerson,Sales representative current information.,rowguid,uniqueidentifier,16,ROWGUIDCOL number uniquely identifying the record. Used to support a merge replication sample.
Sales,SalesPerson,Sales representative current information.,ModifiedDate,datetime,8,Date and time the record was last updated.
Sales,SalesPersonQuotaHistory,Sales performance tracking.,BusinessEntityID,int,4,Sales person identification number. Foreign key to SalesPerson.BusinessEntityID.
Sales,SalesPersonQuotaHistory,Sales performance tracking.,QuotaDate,datetime,8,Sales quota date.
Sales,SalesPersonQuotaHistory,Sales performance tracking.,SalesQuota,money,8,Sales quota amount.
Sales,SalesPersonQuotaHistory,Sales performance tracking.,rowguid,uniqueidentifier,16,ROWGUIDCOL number uniquely identifying the record. Used to support a merge replication sample.
Sales,SalesPersonQuotaHistory,Sales performance tracking.,ModifiedDate,datetime,8,Date and time the record was last updated.
Sales,SalesReason,Lookup table of customer purchase reasons.,SalesReasonID,int,4,Primary key for SalesReason records.
Sales,SalesReason,Lookup table of customer purchase reasons.,Name,Name,100,Sales reason description.
Sales,SalesReason,Lookup table of customer purchase reasons.,ReasonType,Name,100,Category the sales reason belongs to.
Sales,SalesReason,Lookup table of customer purchase reasons.,ModifiedDate,datetime,8,Date and time the record was last updated.
Sales,SalesTaxRate,Tax rate lookup table.,SalesTaxRateID,int,4,Primary key for SalesTaxRate records.
Sales,SalesTaxRate,Tax rate lookup table.,StateProvinceID,int,4,"State, province, or country/region the sales tax applies to."
Sales,SalesTaxRate,Tax rate lookup table.,TaxType,tinyint,1,"1 = Tax applied to retail transactions, 2 = Tax applied to wholesale transactions, 3 = Tax applied to all sales (retail and wholesale) transactions."
Sales,SalesTaxRate,Tax rate lookup table.,TaxRate,smallmoney,4,Tax rate amount.
Sales,SalesTaxRate,Tax rate lookup table.,Name,Name,100,Tax rate description.
Sales,SalesTaxRate,Tax rate lookup table.,rowguid,uniqueidentifier,16,ROWGUIDCOL number uniquely identifying the record. Used to support a merge replication sample.
Sales,SalesTaxRate,Tax rate lookup table.,ModifiedDate,datetime,8,Date and time the record was last updated.
Sales,SalesTerritory,Sales territory lookup table.,TerritoryID,int,4,Primary key for SalesTerritory records.
Sales,SalesTerritory,Sales territory lookup table.,Name,Name,100,Sales territory description
Sales,SalesTerritory,Sales territory lookup table.,CountryRegionCode,nvarchar,6,"ISO standard country or region code. Foreign key to CountryRegion.CountryRegionCode. "
Sales,SalesTerritory,Sales territory lookup table.,Group,nvarchar,100,Geographic area to which the sales territory belong.
Sales,SalesTerritory,Sales territory lookup table.,SalesYTD,money,8,Sales in the territory year to date.
Sales,SalesTerritory,Sales territory lookup table.,SalesLastYear,money,8,Sales in the territory the previous year.
Sales,SalesTerritory,Sales territory lookup table.,CostYTD,money,8,Business costs in the territory year to date.
Sales,SalesTerritory,Sales territory lookup table.,CostLastYear,money,8,Business costs in the territory the previous year.
Sales,SalesTerritory,Sales territory lookup table.,rowguid,uniqueidentifier,16,ROWGUIDCOL number uniquely identifying the record. Used to support a merge replication sample.
Sales,SalesTerritory,Sales territory lookup table.,ModifiedDate,datetime,8,Date and time the record was last updated.
Sales,SalesTerritoryHistory,Sales representative transfers to other sales territories.,BusinessEntityID,int,4,Primary key. The sales rep.  Foreign key to SalesPerson.BusinessEntityID.
Sales,SalesTerritoryHistory,Sales representative transfers to other sales territories.,TerritoryID,int,4,Primary key. Territory identification number. Foreign key to SalesTerritory.SalesTerritoryID.
Sales,SalesTerritoryHistory,Sales representative transfers to other sales territories.,StartDate,datetime,8,Primary key. Date the sales representive started work in the territory.
Sales,SalesTerritoryHistory,Sales representative transfers to other sales territories.,EndDate,datetime,8,Date the sales representative left work in the territory.
Sales,SalesTerritoryHistory,Sales representative transfers to other sales territories.,rowguid,uniqueidentifier,16,ROWGUIDCOL number uniquely identifying the record. Used to support a merge replication sample.
Sales,SalesTerritoryHistory,Sales representative transfers to other sales territories.,ModifiedDate,datetime,8,Date and time the record was last updated.
Sales,ShoppingCartItem,Contains online customer orders until the order is submitted or cancelled.,ShoppingCartItemID,int,4,Primary key for ShoppingCartItem records.
Sales,ShoppingCartItem,Contains online customer orders until the order is submitted or cancelled.,ShoppingCartID,nvarchar,100,Shopping cart identification number.
Sales,ShoppingCartItem,Contains online customer orders until the order is submitted or cancelled.,Quantity,int,4,Product quantity ordered.
Sales,ShoppingCartItem,Contains online customer orders until the order is submitted or cancelled.,ProductID,int,4,Product ordered. Foreign key to Product.ProductID.
Sales,ShoppingCartItem,Contains online customer orders until the order is submitted or cancelled.,DateCreated,datetime,8,Date the time the record was created.
Sales,ShoppingCartItem,Contains online customer orders until the order is submitted or cancelled.,ModifiedDate,datetime,8,Date and time the record was last updated.
Sales,SpecialOffer,Sale discounts lookup table.,SpecialOfferID,int,4,Primary key for SpecialOffer records.
Sales,SpecialOffer,Sale discounts lookup table.,Description,nvarchar,510,Discount description.
Sales,SpecialOffer,Sale discounts lookup table.,DiscountPct,smallmoney,4,Discount precentage.
Sales,SpecialOffer,Sale discounts lookup table.,Type,nvarchar,100,Discount type category.
Sales,SpecialOffer,Sale discounts lookup table.,Category,nvarchar,100,Group the discount applies to such as Reseller or Customer.
Sales,SpecialOffer,Sale discounts lookup table.,StartDate,datetime,8,Discount start date.
Sales,SpecialOffer,Sale discounts lookup table.,EndDate,datetime,8,Discount end date.
Sales,SpecialOffer,Sale discounts lookup table.,MinQty,int,4,Minimum discount percent allowed.
Sales,SpecialOffer,Sale discounts lookup table.,MaxQty,int,4,Maximum discount percent allowed.
Sales,SpecialOffer,Sale discounts lookup table.,rowguid,uniqueidentifier,16,ROWGUIDCOL number uniquely identifying the record. Used to support a merge replication sample.
Sales,SpecialOffer,Sale discounts lookup table.,ModifiedDate,datetime,8,Date and time the record was last updated.
Sales,SpecialOfferProduct,Cross-reference table mapping products to special offer discounts.,SpecialOfferID,int,4,Primary key for SpecialOfferProduct records.
Sales,SpecialOfferProduct,Cross-reference table mapping products to special offer discounts.,ProductID,int,4,Product identification number. Foreign key to Product.ProductID.
Sales,SpecialOfferProduct,Cross-reference table mapping products to special offer discounts.,rowguid,uniqueidentifier,16,ROWGUIDCOL number uniquely identifying the record. Used to support a merge replication sample.
Sales,SpecialOfferProduct,Cross-reference table mapping products to special offer discounts.,ModifiedDate,datetime,8,Date and time the record was last updated.
Sales,Store,Customers (resellers) of Adventure Works products.,BusinessEntityID,int,4,Primary key. Foreign key to Customer.BusinessEntityID.
Sales,Store,Customers (resellers) of Adventure Works products.,Name,Name,100,Name of the store.
Sales,Store,Customers (resellers) of Adventure Works products.,SalesPersonID,int,4,ID of the sales person assigned to the customer. Foreign key to SalesPerson.BusinessEntityID.
Sales,Store,Customers (resellers) of Adventure Works products.,Demographics,xml,-1,"Demographic informationg about the store such as the number of employees, annual sales and store type."
Sales,Store,Customers (resellers) of Adventure Works products.,rowguid,uniqueidentifier,16,ROWGUIDCOL number uniquely identifying the record. Used to support a merge replication sample.
Sales,Store,Customers (resellers) of Adventure Works products.,ModifiedDate,datetime,8,Date and time the record was last updated.
