HumanResources.Employee,BusinessEntityID,Person.Person,BusinessEntityID
HumanResources.EmployeeDepartmentHistory,BusinessEntityID,HumanResources.Employee,BusinessEntityID
HumanResources.EmployeeDepartmentHistory,DepartmentID,HumanResources.Department,DepartmentID
HumanResources.EmployeeDepartmentHistory,ShiftID,HumanResources.Shift,ShiftID
HumanResources.EmployeePayHistory,BusinessEntityID,HumanResources.Employee,BusinessEntityID
HumanResources.JobCandidate,BusinessEntityID,HumanResources.Employee,BusinessEntityID
Person.Address,StateProvinceID,Person.StateProvince,StateProvinceID
Person.BusinessEntityAddress,BusinessEntityID,Person.BusinessEntity,BusinessEntityID
Person.BusinessEntityAddress,AddressID,Person.Address,AddressID
Person.BusinessEntityAddress,AddressTypeID,Person.AddressType,AddressTypeID
Person.BusinessEntityContact,BusinessEntityID,Person.BusinessEntity,BusinessEntityID
Person.BusinessEntityContact,PersonID,Person.Person,BusinessEntityID
Person.BusinessEntityContact,ContactTypeID,Person.ContactType,ContactTypeID
Person.EmailAddress,BusinessEntityID,Person.Person,BusinessEntityID
Person.Password,BusinessEntityID,Person.Person,BusinessEntityID
Person.Person,BusinessEntityID,Person.BusinessEntity,BusinessEntityID
Person.PersonPhone,BusinessEntityID,Person.Person,BusinessEntityID
Person.PersonPhone,PhoneNumberTypeID,Person.PhoneNumberType,PhoneNumberTypeID
Person.StateProvince,CountryRegionCode,Person.CountryRegion,CountryRegionCode
Person.StateProvince,TerritoryID,Sales.SalesTerritory,TerritoryID
Production.BillOfMaterials,ComponentID,Production.Product,ProductID
Production.BillOfMaterials,UnitMeasureCode,Production.UnitMeasure,UnitMeasureCode
Production.BillOfMaterials,ProductAssemblyID,Production.Product,ProductID
Production.Document,Owner,HumanResources.Employee,BusinessEntityID
Production.Product,SizeUnitMeasureCode,Production.UnitMeasure,UnitMeasureCode
Production.Product,WeightUnitMeasureCode,Production.UnitMeasure,UnitMeasureCode
Production.Product,ProductSubcategoryID,Production.ProductSubcategory,ProductSubcategoryID
Production.Product,ProductModelID,Production.ProductModel,ProductModelID
Production.ProductCostHistory,ProductID,Production.Product,ProductID
Production.ProductDocument,ProductID,Production.Product,ProductID
Production.ProductDocument,DocumentNode,Production.Document,DocumentNode
Production.ProductInventory,ProductID,Production.Product,ProductID
Production.ProductInventory,LocationID,Production.Location,LocationID
Production.ProductListPriceHistory,ProductID,Production.Product,ProductID
Production.ProductModelIllustration,ProductModelID,Production.ProductModel,ProductModelID
Production.ProductModelIllustration,IllustrationID,Production.Illustration,IllustrationID
Production.ProductModelProductDescriptionCulture,ProductModelID,Production.ProductModel,ProductModelID
Production.ProductModelProductDescriptionCulture,ProductDescriptionID,Production.ProductDescription,ProductDescriptionID
Production.ProductModelProductDescriptionCulture,CultureID,Production.Culture,CultureID
Production.ProductProductPhoto,ProductID,Production.Product,ProductID
Production.ProductProductPhoto,ProductPhotoID,Production.ProductPhoto,ProductPhotoID
Production.ProductReview,ProductID,Production.Product,ProductID
Production.ProductSubcategory,ProductCategoryID,Production.ProductCategory,ProductCategoryID
Production.TransactionHistory,ProductID,Production.Product,ProductID
Production.WorkOrder,ProductID,Production.Product,ProductID
Production.WorkOrder,ScrapReasonID,Production.ScrapReason,ScrapReasonID
Production.WorkOrderRouting,LocationID,Production.Location,LocationID
Production.WorkOrderRouting,WorkOrderID,Production.WorkOrder,WorkOrderID
Purchasing.ProductVendor,ProductID,Production.Product,ProductID
Purchasing.ProductVendor,BusinessEntityID,Purchasing.Vendor,BusinessEntityID
Purchasing.ProductVendor,UnitMeasureCode,Production.UnitMeasure,UnitMeasureCode
Purchasing.PurchaseOrderDetail,PurchaseOrderID,Purchasing.PurchaseOrderHeader,PurchaseOrderID
Purchasing.PurchaseOrderDetail,ProductID,Production.Product,ProductID
Purchasing.PurchaseOrderHeader,ShipMethodID,Purchasing.ShipMethod,ShipMethodID
Purchasing.PurchaseOrderHeader,VendorID,Purchasing.Vendor,BusinessEntityID
Purchasing.PurchaseOrderHeader,EmployeeID,HumanResources.Employee,BusinessEntityID
Purchasing.Vendor,BusinessEntityID,Person.BusinessEntity,BusinessEntityID
Sales.CountryRegionCurrency,CountryRegionCode,Person.CountryRegion,CountryRegionCode
Sales.CountryRegionCurrency,CurrencyCode,Sales.Currency,CurrencyCode
Sales.CurrencyRate,ToCurrencyCode,Sales.Currency,CurrencyCode
Sales.CurrencyRate,FromCurrencyCode,Sales.Currency,CurrencyCode
Sales.Customer,TerritoryID,Sales.SalesTerritory,TerritoryID
Sales.Customer,StoreID,Sales.Store,BusinessEntityID
Sales.Customer,PersonID,Person.Person,BusinessEntityID
Sales.PersonCreditCard,BusinessEntityID,Person.Person,BusinessEntityID
Sales.PersonCreditCard,CreditCardID,Sales.CreditCard,CreditCardID
Sales.SalesOrderDetail,SpecialOfferID,Sales.SpecialOfferProduct,SpecialOfferID
Sales.SalesOrderDetail,ProductID,Sales.SpecialOfferProduct,ProductID
Sales.SalesOrderDetail,SalesOrderID,Sales.SalesOrderHeader,SalesOrderID
Sales.SalesOrderHeader,CreditCardID,Sales.CreditCard,CreditCardID
Sales.SalesOrderHeader,ShipMethodID,Purchasing.ShipMethod,ShipMethodID
Sales.SalesOrderHeader,ShipToAddressID,Person.Address,AddressID
Sales.SalesOrderHeader,BillToAddressID,Person.Address,AddressID
Sales.SalesOrderHeader,TerritoryID,Sales.SalesTerritory,TerritoryID
Sales.SalesOrderHeader,SalesPersonID,Sales.SalesPerson,BusinessEntityID
Sales.SalesOrderHeader,CustomerID,Sales.Customer,CustomerID
Sales.SalesOrderHeader,CurrencyRateID,Sales.CurrencyRate,CurrencyRateID
Sales.SalesOrderHeaderSalesReason,SalesOrderID,Sales.SalesOrderHeader,SalesOrderID
Sales.SalesOrderHeaderSalesReason,SalesReasonID,Sales.SalesReason,SalesReasonID
Sales.SalesPerson,BusinessEntityID,HumanResources.Employee,BusinessEntityID
Sales.SalesPerson,TerritoryID,Sales.SalesTerritory,TerritoryID
Sales.SalesPersonQuotaHistory,BusinessEntityID,Sales.SalesPerson,BusinessEntityID
Sales.SalesTaxRate,StateProvinceID,Person.StateProvince,StateProvinceID
Sales.SalesTerritory,CountryRegionCode,Person.CountryRegion,CountryRegionCode
Sales.SalesTerritoryHistory,BusinessEntityID,Sales.SalesPerson,BusinessEntityID
Sales.SalesTerritoryHistory,TerritoryID,Sales.SalesTerritory,TerritoryID
Sales.ShoppingCartItem,ProductID,Production.Product,ProductID
Sales.SpecialOfferProduct,SpecialOfferID,Sales.SpecialOffer,SpecialOfferID
Sales.SpecialOfferProduct,ProductID,Production.Product,ProductID
Sales.Store,BusinessEntityID,Person.BusinessEntity,BusinessEntityID
Sales.Store,SalesPersonID,Sales.SalesPerson,BusinessEntityID
